<?xml version="1.0" encoding="UTF-8" ?>
<!--
  ~ Licensed to the Apache Software Foundation (ASF) under one
  ~ or more contributor license agreements.  See the NOTICE file
  ~ distributed with this work for additional information
  ~ regarding copyright ownership.  The ASF licenses this file
  ~ to you under the Apache License, Version 2.0 (the
  ~ "License"); you may not use this file except in compliance
  ~ with the License.  You may obtain a copy of the License at
  ~
  ~   http://www.apache.org/licenses/LICENSE-2.0
  ~
  ~ Unless required by applicable law or agreed to in writing,
  ~ software distributed under the License is distributed on an
  ~ "AS IS" BASIS, WITHOUT WARRANTIES OR CONDITIONS OF ANY
  ~ KIND, either express or implied.  See the License for the
  ~ specific language governing permissions and limitations
  ~ under the License.
  -->
<!DOCTYPE log4j:configuration SYSTEM "log4j.dtd">

<log4j:configuration xmlns:log4j="http://jakarta.apache.org/log4j/">

  <appender name="rolling" class="org.apache.log4j.DailyRollingFileAppender">
    <param name="file" value="${appserver.base}/logs/continuum.log" />
    <param name="append" value="true" />
    <param name="datePattern" value="'.'yyyy-MM-dd" />
    <layout class="org.apache.log4j.PatternLayout">
      <param name="ConversionPattern" value="%d [%t] %-5p %c %x - %m%n"/>
    </layout>
  </appender>

  <appender name="continuumAuditlog" class="org.apache.log4j.DailyRollingFileAppender">
    <param name="file" value="${appserver.base}/logs/continuum-audit.log" />
    <param name="append" value="true" />
    <param name="datePattern" value="'.'yyyy-MM-dd" />
    <layout class="org.apache.log4j.PatternLayout">
      <param name="ConversionPattern" value="%d{yyyy-MM-dd HH:mm:ss} - %X{security.currentUser} - %m%n"/>
    </layout>
  </appender>

  <appender name="redbackAuditLog" class="org.apache.log4j.DailyRollingFileAppender">
    <param name="file" value="${appserver.base}/logs/continuum-security-audit.log" />
    <param name="append" value="true" />
    <param name="datePattern" value="'.'yyyy-MM-dd" />
    <layout class="org.apache.log4j.PatternLayout">
      <param name="ConversionPattern" value="%d{yyyy-MM-dd HH:mm:ss} - %X{redback.currentUser} - %m%n"/>
    </layout>
  </appender>
  
  <logger name="org.apache.continuum.web.util.AuditLog" additivity="false">
    <level value="info" />
    <appender-ref ref="continuumAuditlog" />
  </logger>

  <logger name="org.codehaus.plexus.redback.struts2.action.AuditEvent" additivity="false">
    <level value="info" />
    <appender-ref ref="redbackAuditLog" />
  </logger>

<!--
  <logger name="org.apache.maven">
    <level value="info"/>
  </logger>

  <logger name="org.apache.continuum">
    <level value="info" />
  </logger>

  <logger name="org.codehaus.plexus.redback">
    <level value="info"/>
  </logger>

  <logger name="org.codehaus.plexus.mailsender.MailSender">
    <level value="info"/>
  </logger>

  <logger name="org.quartz">
    <level value="info"/>
  </logger>

  <logger name="org.apache.jasper">
    <level value="info"/>
  </logger>

  <logger name="com.opensymphony.xwork">
    <level value="info"/>
  </logger>

  <logger name="org.codehaus.plexus.PlexusContainer">
    <level value="info"/>
  </logger>
-->

  <!-- squelch noisy objects (for now) -->
  <logger name="org.apache.commons">
    <level value="warn"/>
  </logger>

  <logger name="net.sf.ehcache">
    <level value="warn"/>
  </logger>

  <logger name="org.codehaus.plexus.velocity">
    <level value="error"/>
  </logger>

  <logger name="com.opensymphony.xwork2.util.OgnlUtil">
    <level value="error"/>
  </logger>

  <logger name="JPOX">
    <level value="warn"/>
  </logger>

  <logger name="JPOX.MetaData">
    <level value="error"/>
  </logger>

  <logger name="JPOX.RDBMS.SQL">
    <level value="error"/>
  </logger>

  <logger name="SQL">
    <level value="error"/>
  </logger>

  <logger name="freemarker">
    <level value="warn"/>
  </logger>

  <logger name="org.codehaus.plexus.component.manager.ClassicSingletonComponentManager">
    <level value="error"/>
  </logger>
  
  <logger name="org.springframework.beans.factory.xml.XmlBeanDefinitionReader">
    <level value="error"/>
  </logger>

  <logger name="org.springframework.beans.factory.support.DefaultListableBeanFactory">
    <level value="error"/>
  </logger>

  <logger name="net.sf.dozer.util.mapping.util.XMLParser">
    <level value="warn"/>
  </logger>

  <root>
    <priority value="info" />
    <appender-ref ref="rolling" />
  </root>

</log4j:configuration>
