<!--
  ~ Licensed to the Apache Software Foundation (ASF) under one
  ~ or more contributor license agreements.  See the NOTICE file
  ~ distributed with this work for additional information
  ~ regarding copyright ownership.  The ASF licenses this file
  ~ to you under the Apache License, Version 2.0 (the
  ~ "License"); you may not use this file except in compliance
  ~ with the License.  You may obtain a copy of the License at
  ~
  ~   http://www.apache.org/licenses/LICENSE-2.0
  ~
  ~ Unless required by applicable law or agreed to in writing,
  ~ software distributed under the License is distributed on an
  ~ "AS IS" BASIS, WITHOUT WARRANTIES OR CONDITIONS OF ANY
  ~ KIND, either express or implied.  See the License for the
  ~ specific language governing permissions and limitations
  ~ under the License.
  -->

<sitemesh>
  <property name="decorators-file" value="/WEB-INF/decorators.xml"/>
  <excludes file="${decorators-file}"/>

  <page-parsers>
    <parser content-type="text/html"
            class="com.opensymphony.module.sitemesh.parser.FastPageParser"/>
    <parser content-type="text/html;charset=ISO-8859-1"
            class="com.opensymphony.module.sitemesh.parser.FastPageParser"/>
  </page-parsers>

  <decorator-mappers>
    <mapper class="com.opensymphony.module.sitemesh.mapper.ConfigDecoratorMapper">
      <param name="config" value="${decorators-file}"/>
    </mapper>
  </decorator-mappers>
</sitemesh>