<component-set>
  <components>
    <component>
      <role>com.opensymphony.xwork2.Action</role>
      <role-hint>buildDefinition</role-hint>
      <implementation>org.apache.maven.continuum.web.action.BuildDefinitionAction</implementation>
      <instantiation-strategy>per-lookup</instantiation-strategy>
      <description>BuildDefinitionAction:</description>
      <isolated-realm>false</isolated-realm>
      <requirements>
        <requirement>
          <role>org.codehaus.plexus.redback.system.SecuritySystem</role>
          <field-name>securitySystem</field-name>
        </requirement>
        <requirement>
          <role>org.apache.maven.continuum.Continuum</role>
          <field-name>continuum</field-name>
        </requirement>
        <requirement>
          <role>org.apache.maven.continuum.builddefinition.BuildDefinitionService</role>
          <field-name>buildDefinitionService</field-name>
        </requirement>
      </requirements>
    </component>
    <component>
      <role>com.opensymphony.xwork2.Action</role>
      <role-hint>buildResults</role-hint>
      <implementation>org.apache.maven.continuum.web.action.BuildResultsListAction</implementation>
      <instantiation-strategy>per-lookup</instantiation-strategy>
      <description></description>
      <isolated-realm>false</isolated-realm>
      <requirements>
        <requirement>
          <role>org.codehaus.plexus.redback.system.SecuritySystem</role>
          <field-name>securitySystem</field-name>
        </requirement>
        <requirement>
          <role>org.apache.maven.continuum.Continuum</role>
          <field-name>continuum</field-name>
        </requirement>
      </requirements>
    </component>
    <component>
      <role>com.opensymphony.xwork2.Action</role>
      <role-hint>projectEdit</role-hint>
      <implementation>org.apache.maven.continuum.web.action.ProjectEditAction</implementation>
      <instantiation-strategy>per-lookup</instantiation-strategy>
      <description></description>
      <isolated-realm>false</isolated-realm>
      <requirements>
        <requirement>
          <role>org.codehaus.plexus.redback.system.SecuritySystem</role>
          <field-name>securitySystem</field-name>
        </requirement>
        <requirement>
          <role>org.apache.maven.continuum.Continuum</role>
          <field-name>continuum</field-name>
        </requirement>
      </requirements>
    </component>
    <component>
      <role>com.opensymphony.xwork2.Action</role>
      <role-hint>configureFooter</role-hint>
      <implementation>org.apache.maven.continuum.web.action.admin.ConfigureFooterAction</implementation>
      <instantiation-strategy>per-lookup</instantiation-strategy>
      <description></description>
      <isolated-realm>false</isolated-realm>
      <requirements>
        <requirement>
          <role>org.codehaus.plexus.redback.system.SecuritySystem</role>
          <field-name>securitySystem</field-name>
        </requirement>
        <requirement>
          <role>org.apache.maven.continuum.Continuum</role>
          <field-name>continuum</field-name>
        </requirement>
        <requirement>
          <role>org.apache.maven.continuum.web.appareance.AppareanceConfiguration</role>
          <field-name>appareanceConfiguration</field-name>
        </requirement>
        <requirement>
          <role>org.apache.maven.continuum.web.appareance.AppareanceConfiguration</role>
          <field-name>appareanceConfiguration</field-name>
        </requirement>
      </requirements>
    </component>
    <component>
      <role>com.opensymphony.xwork2.Action</role>
      <role-hint>configureAppearance</role-hint>
      <implementation>org.apache.maven.continuum.web.action.admin.ConfigureAppearanceAction</implementation>
      <instantiation-strategy>per-lookup</instantiation-strategy>
      <description></description>
      <isolated-realm>false</isolated-realm>
      <requirements>
        <requirement>
          <role>org.codehaus.plexus.redback.system.SecuritySystem</role>
          <field-name>securitySystem</field-name>
        </requirement>
        <requirement>
          <role>org.apache.maven.continuum.Continuum</role>
          <field-name>continuum</field-name>
        </requirement>
        <requirement>
          <role>org.apache.maven.continuum.web.appareance.AppareanceConfiguration</role>
          <field-name>appareanceConfiguration</field-name>
        </requirement>
        <requirement>
          <role>org.apache.maven.shared.app.configuration.MavenAppConfiguration</role>
          <field-name>appConfiguration</field-name>
        </requirement>
        <requirement>
          <role>org.apache.maven.shared.app.company.CompanyPomHandler</role>
          <field-name>companyPomHandler</field-name>
        </requirement>
        <requirement>
          <role>org.apache.maven.continuum.execution.maven.m2.MavenBuilderHelper</role>
          <field-name>helper</field-name>
        </requirement>
        <requirement>
          <role>org.apache.maven.settings.MavenSettingsBuilder</role>
          <field-name>mavenSettingsBuilder</field-name>
        </requirement>
        <requirement>
          <role>org.apache.maven.artifact.repository.ArtifactRepositoryFactory</role>
          <field-name>artifactRepositoryFactory</field-name>
        </requirement>
        <requirement>
          <role>org.apache.maven.artifact.repository.layout.ArtifactRepositoryLayout</role>
          <role-hint>default</role-hint>
          <field-name>layout</field-name>
        </requirement>
        <requirement>
          <role>org.apache.maven.continuum.web.appareance.AppareanceConfiguration</role>
          <field-name>appareanceConfiguration</field-name>
        </requirement>
      </requirements>
    </component>
    <component>
      <role>com.opensymphony.xwork2.Action</role>
      <role-hint>deleteProjectNotifier</role-hint>
      <implementation>org.apache.maven.continuum.web.action.notifier.DeleteProjectNotifierAction</implementation>
      <instantiation-strategy>per-lookup</instantiation-strategy>
      <description>Action that deletes a {@link ProjectNotifier} from a specified {@link Project}.</description>
      <isolated-realm>false</isolated-realm>
      <requirements>
        <requirement>
          <role>org.codehaus.plexus.redback.system.SecuritySystem</role>
          <field-name>securitySystem</field-name>
        </requirement>
        <requirement>
          <role>org.apache.maven.continuum.Continuum</role>
          <field-name>continuum</field-name>
        </requirement>
      </requirements>
    </component>
    <component>
      <role>com.opensymphony.xwork2.Action</role>
      <role-hint>releasePrepare</role-hint>
      <implementation>org.apache.maven.continuum.web.action.ReleasePrepareAction</implementation>
      <instantiation-strategy>per-lookup</instantiation-strategy>
      <description></description>
      <isolated-realm>false</isolated-realm>
      <requirements>
        <requirement>
          <role>org.codehaus.plexus.redback.system.SecuritySystem</role>
          <field-name>securitySystem</field-name>
        </requirement>
        <requirement>
          <role>org.apache.maven.continuum.Continuum</role>
          <field-name>continuum</field-name>
        </requirement>
      </requirements>
    </component>
    <component>
      <role>com.opensymphony.xwork2.Action</role>
      <role-hint>cancelBuild</role-hint>
      <implementation>org.apache.maven.continuum.web.action.CancelBuildAction</implementation>
      <instantiation-strategy>per-lookup</instantiation-strategy>
      <description></description>
      <isolated-realm>false</isolated-realm>
      <requirements>
        <requirement>
          <role>org.codehaus.plexus.redback.system.SecuritySystem</role>
          <field-name>securitySystem</field-name>
        </requirement>
        <requirement>
          <role>org.apache.maven.continuum.Continuum</role>
          <field-name>continuum</field-name>
        </requirement>
      </requirements>
    </component>
    <component>
      <role>com.opensymphony.xwork2.Action</role>
      <role-hint>mailProjectNotifierEdit</role-hint>
      <implementation>org.apache.maven.continuum.web.action.notifier.MailProjectNotifierEditAction</implementation>
      <instantiation-strategy>per-lookup</instantiation-strategy>
      <description>Action that edits a {@link ProjectNotifier} of type &apos;Mail&apos; from the
specified {@link Project}.</description>
      <isolated-realm>false</isolated-realm>
      <requirements>
        <requirement>
          <role>org.codehaus.plexus.redback.system.SecuritySystem</role>
          <field-name>securitySystem</field-name>
        </requirement>
        <requirement>
          <role>org.apache.maven.continuum.Continuum</role>
          <field-name>continuum</field-name>
        </requirement>
      </requirements>
    </component>
    <component>
      <role>org.codehaus.plexus.redback.system.check.EnvironmentCheck</role>
      <role-hint>continuum-role-profile-check</role-hint>
      <implementation>org.apache.maven.continuum.web.checks.security.RoleProfileEnvironmentCheck</implementation>
      <description>RoleProfileEnvironmentCheck:</description>
      <isolated-realm>false</isolated-realm>
      <requirements>
        <requirement>
          <role>org.codehaus.plexus.redback.role.RoleManager</role>
          <role-hint>default</role-hint>
          <field-name>roleManager</field-name>
        </requirement>
        <requirement>
          <role>org.apache.maven.continuum.Continuum</role>
          <field-name>continuum</field-name>
        </requirement>
      </requirements>
    </component>
    <component>
      <role>com.opensymphony.xwork2.Action</role>
      <role-hint>wagonGroupNotifierEdit</role-hint>
      <implementation>org.apache.maven.continuum.web.action.notifier.WagonGroupNotifierEditAction</implementation>
      <instantiation-strategy>per-lookup</instantiation-strategy>
      <description>Action that edits a {@link ProjectNotifier} of type &apos;Wagon&apos; from the
specified {@link ProjectGroup}.</description>
      <isolated-realm>false</isolated-realm>
      <requirements>
        <requirement>
          <role>org.codehaus.plexus.redback.system.SecuritySystem</role>
          <field-name>securitySystem</field-name>
        </requirement>
        <requirement>
          <role>org.apache.maven.continuum.Continuum</role>
          <field-name>continuum</field-name>
        </requirement>
      </requirements>
    </component>
    <component>
      <role>com.opensymphony.xwork2.Action</role>
      <role-hint>addMavenTwoProject</role-hint>
      <implementation>org.apache.maven.continuum.web.action.AddMavenTwoProjectAction</implementation>
      <instantiation-strategy>per-lookup</instantiation-strategy>
      <description>Add a Maven 2 project to Continuum.</description>
      <isolated-realm>false</isolated-realm>
      <requirements>
        <requirement>
          <role>org.codehaus.plexus.redback.system.SecuritySystem</role>
          <field-name>securitySystem</field-name>
        </requirement>
        <requirement>
          <role>org.apache.maven.continuum.Continuum</role>
          <field-name>continuum</field-name>
        </requirement>
      </requirements>
    </component>
    <component>
      <role>com.opensymphony.xwork2.Action</role>
      <role-hint>summary</role-hint>
      <implementation>org.apache.maven.continuum.web.action.SummaryAction</implementation>
      <instantiation-strategy>per-lookup</instantiation-strategy>
      <description>Used to render the list of projects in the project group page.</description>
      <isolated-realm>false</isolated-realm>
      <requirements>
        <requirement>
          <role>org.codehaus.plexus.redback.system.SecuritySystem</role>
          <field-name>securitySystem</field-name>
        </requirement>
        <requirement>
          <role>org.apache.maven.continuum.Continuum</role>
          <field-name>continuum</field-name>
        </requirement>
        <requirement>
          <role>org.apache.continuum.buildmanager.BuildsManager</role>
          <role-hint>parallel</role-hint>
          <field-name>parallelBuildsManager</field-name>
        </requirement>
      </requirements>
    </component>
    <component>
      <role>com.opensymphony.xwork2.Action</role>
      <role-hint>notifierSummary</role-hint>
      <implementation>org.apache.maven.continuum.web.action.component.NotifierSummaryAction</implementation>
      <instantiation-strategy>per-lookup</instantiation-strategy>
      <description>Component Action that prepares and provides Project Group Notifier and
Project Notifier summaries.</description>
      <isolated-realm>false</isolated-realm>
      <requirements>
        <requirement>
          <role>org.codehaus.plexus.redback.system.SecuritySystem</role>
          <field-name>securitySystem</field-name>
        </requirement>
        <requirement>
          <role>org.apache.maven.continuum.Continuum</role>
          <field-name>continuum</field-name>
        </requirement>
      </requirements>
    </component>
    <component>
      <role>com.opensymphony.xwork2.Action</role>
      <role-hint>ircProjectNotifierEdit</role-hint>
      <implementation>org.apache.maven.continuum.web.action.notifier.IrcProjectNotifierEditAction</implementation>
      <instantiation-strategy>per-lookup</instantiation-strategy>
      <description></description>
      <isolated-realm>false</isolated-realm>
      <requirements>
        <requirement>
          <role>org.codehaus.plexus.redback.system.SecuritySystem</role>
          <field-name>securitySystem</field-name>
        </requirement>
        <requirement>
          <role>org.apache.maven.continuum.Continuum</role>
          <field-name>continuum</field-name>
        </requirement>
      </requirements>
    </component>
    <component>
      <role>com.opensymphony.xwork2.Action</role>
      <role-hint>releaseRollback</role-hint>
      <implementation>org.apache.maven.continuum.web.action.ReleaseRollbackAction</implementation>
      <instantiation-strategy>per-lookup</instantiation-strategy>
      <description></description>
      <isolated-realm>false</isolated-realm>
      <requirements>
        <requirement>
          <role>org.codehaus.plexus.redback.system.SecuritySystem</role>
          <field-name>securitySystem</field-name>
        </requirement>
        <requirement>
          <role>org.apache.maven.continuum.Continuum</role>
          <field-name>continuum</field-name>
        </requirement>
        <requirement>
          <role>org.apache.maven.continuum.utils.WorkingDirectoryService</role>
          <field-name>workingDirectoryService</field-name>
        </requirement>
      </requirements>
    </component>
    <component>
      <role>com.opensymphony.xwork2.Action</role>
      <role-hint>releaseProjectGoal</role-hint>
      <implementation>org.apache.maven.continuum.web.action.ReleaseProjectGoalAction</implementation>
      <instantiation-strategy>per-lookup</instantiation-strategy>
      <description></description>
      <isolated-realm>false</isolated-realm>
      <requirements>
        <requirement>
          <role>org.codehaus.plexus.redback.system.SecuritySystem</role>
          <field-name>securitySystem</field-name>
        </requirement>
        <requirement>
          <role>org.apache.maven.continuum.Continuum</role>
          <field-name>continuum</field-name>
        </requirement>
      </requirements>
    </component>
    <component>
      <role>com.opensymphony.xwork2.Action</role>
      <role-hint>addProject</role-hint>
      <implementation>org.apache.maven.continuum.web.action.AddProjectAction</implementation>
      <instantiation-strategy>per-lookup</instantiation-strategy>
      <description></description>
      <isolated-realm>false</isolated-realm>
      <requirements>
        <requirement>
          <role>org.codehaus.plexus.redback.system.SecuritySystem</role>
          <field-name>securitySystem</field-name>
        </requirement>
        <requirement>
          <role>org.apache.maven.continuum.Continuum</role>
          <field-name>continuum</field-name>
        </requirement>
        <requirement>
          <role>org.apache.maven.continuum.profile.ProfileService</role>
          <role-hint>default</role-hint>
          <field-name>profileService</field-name>
        </requirement>
      </requirements>
    </component>
    <component>
      <role>com.opensymphony.xwork2.Action</role>
      <role-hint>companyInfo</role-hint>
      <implementation>org.apache.maven.continuum.web.action.component.CompanyInfoAction</implementation>
      <instantiation-strategy>per-lookup</instantiation-strategy>
      <description>Stores the company information for displaying on the page.</description>
      <isolated-realm>false</isolated-realm>
      <requirements>
        <requirement>
          <role>org.apache.maven.shared.app.company.CompanyPomHandler</role>
          <field-name>handler</field-name>
        </requirement>
        <requirement>
          <role>org.apache.maven.shared.app.configuration.MavenAppConfiguration</role>
          <field-name>appConfiguration</field-name>
        </requirement>
        <requirement>
          <role>org.apache.maven.continuum.execution.maven.m2.MavenBuilderHelper</role>
          <field-name>helper</field-name>
        </requirement>
      </requirements>
    </component>
    <component>
      <role>com.opensymphony.xwork2.interceptor.Interceptor</role>
      <role-hint>forceContinuumConfigurationInterceptor</role-hint>
      <implementation>org.apache.maven.continuum.web.interceptor.ForceContinuumConfigurationInterceptor</implementation>
      <description>ForceContinuumConfigurationInterceptor:</description>
      <isolated-realm>false</isolated-realm>
      <requirements>
        <requirement>
          <role>org.apache.maven.continuum.Continuum</role>
          <field-name>continuum</field-name>
        </requirement>
      </requirements>
    </component>
    <component>
      <role>com.opensymphony.xwork2.Action</role>
      <role-hint>buildDefinitionSummary</role-hint>
      <implementation>org.apache.maven.continuum.web.action.component.BuildDefinitionSummaryAction</implementation>
      <instantiation-strategy>per-lookup</instantiation-strategy>
      <description>BuildDefinitionSummaryAction:</description>
      <isolated-realm>false</isolated-realm>
      <requirements>
        <requirement>
          <role>org.codehaus.plexus.redback.system.SecuritySystem</role>
          <field-name>securitySystem</field-name>
        </requirement>
        <requirement>
          <role>org.apache.maven.continuum.Continuum</role>
          <field-name>continuum</field-name>
        </requirement>
      </requirements>
    </component>
    <component>
      <role>com.opensymphony.xwork2.Action</role>
      <role-hint>addProjectNotifier</role-hint>
      <implementation>org.apache.maven.continuum.web.action.notifier.AddProjectNotifierAction</implementation>
      <instantiation-strategy>per-lookup</instantiation-strategy>
      <description>Action to add a {@link ProjectNotifier} for a specified {@link Project}.</description>
      <isolated-realm>false</isolated-realm>
      <requirements>
        <requirement>
          <role>org.codehaus.plexus.redback.system.SecuritySystem</role>
          <field-name>securitySystem</field-name>
        </requirement>
        <requirement>
          <role>org.apache.maven.continuum.Continuum</role>
          <field-name>continuum</field-name>
        </requirement>
      </requirements>
    </component>
    <component>
      <role>com.opensymphony.xwork2.Action</role>
      <role-hint>groupSummary</role-hint>
      <implementation>org.apache.maven.continuum.web.action.GroupSummaryAction</implementation>
      <instantiation-strategy>per-lookup</instantiation-strategy>
      <description></description>
      <isolated-realm>false</isolated-realm>
      <requirements>
        <requirement>
          <role>org.codehaus.plexus.redback.system.SecuritySystem</role>
          <field-name>securitySystem</field-name>
        </requirement>
        <requirement>
          <role>org.apache.maven.continuum.Continuum</role>
          <field-name>continuum</field-name>
        </requirement>
      </requirements>
    </component>
    <component>
      <role>com.opensymphony.xwork2.Action</role>
      <role-hint>deleteGroupNotifier</role-hint>
      <implementation>org.apache.maven.continuum.web.action.notifier.DeleteGroupNotifierAction</implementation>
      <instantiation-strategy>per-lookup</instantiation-strategy>
      <description>Action to delete a {@link ProjectNotifier} instance from a
specified {@link ProjectGroup}.</description>
      <isolated-realm>false</isolated-realm>
      <requirements>
        <requirement>
          <role>org.codehaus.plexus.redback.system.SecuritySystem</role>
          <field-name>securitySystem</field-name>
        </requirement>
        <requirement>
          <role>org.apache.maven.continuum.Continuum</role>
          <field-name>continuum</field-name>
        </requirement>
      </requirements>
    </component>
    <component>
      <role>com.opensymphony.xwork2.Action</role>
      <role-hint>ircGroupNotifierEdit</role-hint>
      <implementation>org.apache.maven.continuum.web.action.notifier.IrcGroupNotifierEditAction</implementation>
      <instantiation-strategy>per-lookup</instantiation-strategy>
      <description>Action that edits a {@link ProjectNotifier} of type &apos;IRC&apos; from the
specified {@link ProjectGroup}.</description>
      <isolated-realm>false</isolated-realm>
      <requirements>
        <requirement>
          <role>org.codehaus.plexus.redback.system.SecuritySystem</role>
          <field-name>securitySystem</field-name>
        </requirement>
        <requirement>
          <role>org.apache.maven.continuum.Continuum</role>
          <field-name>continuum</field-name>
        </requirement>
      </requirements>
    </component>
    <component>
      <role>com.opensymphony.xwork2.Action</role>
      <role-hint>surefireReport</role-hint>
      <implementation>org.apache.maven.continuum.web.action.SurefireReportAction</implementation>
      <instantiation-strategy>per-lookup</instantiation-strategy>
      <description></description>
      <isolated-realm>false</isolated-realm>
      <requirements>
        <requirement>
          <role>org.codehaus.plexus.redback.system.SecuritySystem</role>
          <field-name>securitySystem</field-name>
        </requirement>
        <requirement>
          <role>org.apache.maven.continuum.Continuum</role>
          <field-name>continuum</field-name>
        </requirement>
        <requirement>
          <role>org.apache.maven.continuum.reports.surefire.ReportTestSuiteGenerator</role>
          <field-name>reportTestSuiteGenerator</field-name>
        </requirement>
      </requirements>
    </component>
    <component>
      <role>com.opensymphony.xwork2.Action</role>
      <role-hint>deleteProject</role-hint>
      <implementation>org.apache.maven.continuum.web.action.DeleteProjectAction</implementation>
      <instantiation-strategy>per-lookup</instantiation-strategy>
      <description></description>
      <isolated-realm>false</isolated-realm>
      <requirements>
        <requirement>
          <role>org.codehaus.plexus.redback.system.SecuritySystem</role>
          <field-name>securitySystem</field-name>
        </requirement>
        <requirement>
          <role>org.apache.maven.continuum.Continuum</role>
          <field-name>continuum</field-name>
        </requirement>
      </requirements>
    </component>
    <component>
      <role>com.opensymphony.xwork2.Action</role>
      <role-hint>mailGroupNotifierEdit</role-hint>
      <implementation>org.apache.maven.continuum.web.action.notifier.MailGroupNotifierEditAction</implementation>
      <instantiation-strategy>per-lookup</instantiation-strategy>
      <description>Action that edits a {@link ProjectNotifier} of type &apos;Mail&apos; from the
specified {@link ProjectGroup}.</description>
      <isolated-realm>false</isolated-realm>
      <requirements>
        <requirement>
          <role>org.codehaus.plexus.redback.system.SecuritySystem</role>
          <field-name>securitySystem</field-name>
        </requirement>
        <requirement>
          <role>org.apache.maven.continuum.Continuum</role>
          <field-name>continuum</field-name>
        </requirement>
      </requirements>
    </component>
    <component>
      <role>com.opensymphony.xwork2.Action</role>
      <role-hint>configuration</role-hint>
      <implementation>org.apache.maven.continuum.web.action.admin.ConfigurationAction</implementation>
      <instantiation-strategy>per-lookup</instantiation-strategy>
      <description></description>
      <isolated-realm>false</isolated-realm>
      <requirements>
        <requirement>
          <role>org.codehaus.plexus.redback.system.SecuritySystem</role>
          <field-name>securitySystem</field-name>
        </requirement>
        <requirement>
          <role>org.apache.maven.continuum.Continuum</role>
          <field-name>continuum</field-name>
        </requirement>
      </requirements>
    </component>
    <component>
      <role>com.opensymphony.xwork2.Action</role>
      <role-hint>buildAgent</role-hint>
      <implementation>org.apache.continuum.web.action.admin.BuildAgentAction</implementation>
      <instantiation-strategy>per-lookup</instantiation-strategy>
      <description></description>
      <isolated-realm>false</isolated-realm>
      <requirements>
        <requirement>
          <role>org.codehaus.plexus.redback.system.SecuritySystem</role>
          <field-name>securitySystem</field-name>
        </requirement>
        <requirement>
          <role>org.apache.maven.continuum.Continuum</role>
          <field-name>continuum</field-name>
        </requirement>
      </requirements>
    </component>
    <component>
      <role>com.opensymphony.xwork2.Action</role>
      <role-hint>httpError</role-hint>
      <implementation>org.apache.continuum.web.action.error.HttpError</implementation>
      <instantiation-strategy>per-lookup</instantiation-strategy>
      <description>AboutAction:</description>
      <isolated-realm>false</isolated-realm>
      <requirements>
        <requirement>
          <role>org.codehaus.plexus.redback.system.SecuritySystem</role>
          <field-name>securitySystem</field-name>
        </requirement>
        <requirement>
          <role>org.apache.maven.continuum.Continuum</role>
          <field-name>continuum</field-name>
        </requirement>
      </requirements>
    </component>
    <component>
      <role>com.opensymphony.xwork2.Action</role>
      <role-hint>releaseInProgress</role-hint>
      <implementation>org.apache.maven.continuum.web.action.ReleaseInProgressAction</implementation>
      <instantiation-strategy>per-lookup</instantiation-strategy>
      <description></description>
      <isolated-realm>false</isolated-realm>
      <requirements>
        <requirement>
          <role>org.codehaus.plexus.redback.system.SecuritySystem</role>
          <field-name>securitySystem</field-name>
        </requirement>
        <requirement>
          <role>org.apache.maven.continuum.Continuum</role>
          <field-name>continuum</field-name>
        </requirement>
      </requirements>
    </component>
    <component>
      <role>com.opensymphony.xwork2.Action</role>
      <role-hint>profileAdministration</role-hint>
      <implementation>org.apache.maven.continuum.web.action.admin.ProfileAction</implementation>
      <instantiation-strategy>per-lookup</instantiation-strategy>
      <description></description>
      <isolated-realm>false</isolated-realm>
      <requirements>
        <requirement>
          <role>org.codehaus.plexus.redback.system.SecuritySystem</role>
          <field-name>securitySystem</field-name>
        </requirement>
        <requirement>
          <role>org.apache.maven.continuum.Continuum</role>
          <field-name>continuum</field-name>
        </requirement>
        <requirement>
          <role>org.apache.maven.continuum.profile.ProfileService</role>
          <role-hint>default</role-hint>
          <field-name>profileService</field-name>
        </requirement>
        <requirement>
          <role>org.apache.maven.continuum.installation.InstallationService</role>
          <role-hint>default</role-hint>
          <field-name>installationService</field-name>
        </requirement>
      </requirements>
    </component>
    <component>
      <role>com.opensymphony.xwork2.Action</role>
      <role-hint>buildResult</role-hint>
      <implementation>org.apache.maven.continuum.web.action.BuildResultAction</implementation>
      <instantiation-strategy>per-lookup</instantiation-strategy>
      <description></description>
      <isolated-realm>false</isolated-realm>
      <requirements>
        <requirement>
          <role>org.codehaus.plexus.redback.system.SecuritySystem</role>
          <field-name>securitySystem</field-name>
        </requirement>
        <requirement>
          <role>org.apache.maven.continuum.Continuum</role>
          <field-name>continuum</field-name>
        </requirement>
        <requirement>
          <role>org.apache.continuum.builder.distributed.manager.DistributedBuildManager</role>
          <field-name>distributedBuildManager</field-name>
        </requirement>
      </requirements>
    </component>
    <component>
      <role>com.opensymphony.xwork2.Action</role>
      <role-hint>addProjectGroup</role-hint>
      <implementation>org.apache.maven.continuum.web.action.AddProjectGroupAction</implementation>
      <instantiation-strategy>per-lookup</instantiation-strategy>
      <description></description>
      <isolated-realm>false</isolated-realm>
      <requirements>
        <requirement>
          <role>org.codehaus.plexus.redback.system.SecuritySystem</role>
          <field-name>securitySystem</field-name>
        </requirement>
        <requirement>
          <role>org.apache.maven.continuum.Continuum</role>
          <field-name>continuum</field-name>
        </requirement>
      </requirements>
    </component>
    <component>
      <role>com.opensymphony.xwork2.Action</role>
      <role-hint>purgeConfiguration</role-hint>
      <implementation>org.apache.continuum.web.action.admin.PurgeConfigurationAction</implementation>
      <instantiation-strategy>per-lookup</instantiation-strategy>
      <description></description>
      <isolated-realm>false</isolated-realm>
      <requirements>
        <requirement>
          <role>org.codehaus.plexus.redback.system.SecuritySystem</role>
          <field-name>securitySystem</field-name>
        </requirement>
        <requirement>
          <role>org.apache.maven.continuum.Continuum</role>
          <field-name>continuum</field-name>
        </requirement>
        <requirement>
          <role>org.apache.continuum.purge.PurgeConfigurationService</role>
          <field-name>purgeConfigService</field-name>
        </requirement>
        <requirement>
          <role>org.apache.continuum.repository.RepositoryService</role>
          <field-name>repositoryService</field-name>
        </requirement>
      </requirements>
    </component>
    <component>
      <role>com.opensymphony.xwork2.Action</role>
      <role-hint>projectGroup</role-hint>
      <implementation>org.apache.maven.continuum.web.action.ProjectGroupAction</implementation>
      <instantiation-strategy>per-lookup</instantiation-strategy>
      <description>ProjectGroupAction:</description>
      <isolated-realm>false</isolated-realm>
      <requirements>
        <requirement>
          <role>org.codehaus.plexus.redback.system.SecuritySystem</role>
          <field-name>securitySystem</field-name>
        </requirement>
        <requirement>
          <role>org.apache.maven.continuum.Continuum</role>
          <field-name>continuum</field-name>
        </requirement>
        <requirement>
          <role>org.codehaus.plexus.redback.rbac.RBACManager</role>
          <role-hint>cached</role-hint>
          <field-name>rbac</field-name>
        </requirement>
        <requirement>
          <role>org.codehaus.plexus.redback.role.RoleManager</role>
          <role-hint>default</role-hint>
          <field-name>roleManager</field-name>
        </requirement>
        <requirement>
          <role>org.apache.continuum.buildmanager.BuildsManager</role>
          <role-hint>parallel</role-hint>
          <field-name>parallelBuildsManager</field-name>
        </requirement>
      </requirements>
    </component>
    <component>
      <role>com.opensymphony.xwork2.Action</role>
      <role-hint>addGroupNotifier</role-hint>
      <implementation>org.apache.maven.continuum.web.action.notifier.AddGroupNotifierAction</implementation>
      <instantiation-strategy>per-lookup</instantiation-strategy>
      <description>WW action that sets up a new {@link ProjectNotifier} instance for
the specified {@link ProjectGroup}.</description>
      <isolated-realm>false</isolated-realm>
      <requirements>
        <requirement>
          <role>org.codehaus.plexus.redback.system.SecuritySystem</role>
          <field-name>securitySystem</field-name>
        </requirement>
        <requirement>
          <role>org.apache.maven.continuum.Continuum</role>
          <field-name>continuum</field-name>
        </requirement>
      </requirements>
    </component>
    <component>
      <role>com.opensymphony.xwork2.Action</role>
      <role-hint>schedule</role-hint>
      <implementation>org.apache.maven.continuum.web.action.ScheduleAction</implementation>
      <instantiation-strategy>per-lookup</instantiation-strategy>
      <description></description>
      <isolated-realm>false</isolated-realm>
      <requirements>
        <requirement>
          <role>org.codehaus.plexus.redback.system.SecuritySystem</role>
          <field-name>securitySystem</field-name>
        </requirement>
        <requirement>
          <role>org.apache.maven.continuum.Continuum</role>
          <field-name>continuum</field-name>
        </requirement>
      </requirements>
    </component>
    <component>
      <role>com.opensymphony.xwork2.Action</role>
      <role-hint>jabberGroupNotifierEdit</role-hint>
      <implementation>org.apache.maven.continuum.web.action.notifier.JabberGroupNotifierEditAction</implementation>
      <instantiation-strategy>per-lookup</instantiation-strategy>
      <description>Action that edits a {@link ProjectNotifier} of type &apos;Jabber&apos; from the
specified {@link ProjectGroup}.</description>
      <isolated-realm>false</isolated-realm>
      <requirements>
        <requirement>
          <role>org.codehaus.plexus.redback.system.SecuritySystem</role>
          <field-name>securitySystem</field-name>
        </requirement>
        <requirement>
          <role>org.apache.maven.continuum.Continuum</role>
          <field-name>continuum</field-name>
        </requirement>
      </requirements>
    </component>
    <component>
      <role>com.opensymphony.xwork2.Action</role>
      <role-hint>addMavenOneProject</role-hint>
      <implementation>org.apache.maven.continuum.web.action.AddMavenOneProjectAction</implementation>
      <instantiation-strategy>per-lookup</instantiation-strategy>
      <description>Add a Maven 1 project to Continuum.</description>
      <isolated-realm>false</isolated-realm>
      <requirements>
        <requirement>
          <role>org.codehaus.plexus.redback.system.SecuritySystem</role>
          <field-name>securitySystem</field-name>
        </requirement>
        <requirement>
          <role>org.apache.maven.continuum.Continuum</role>
          <field-name>continuum</field-name>
        </requirement>
      </requirements>
    </component>
    <component>
      <role>com.opensymphony.xwork2.Action</role>
      <role-hint>buildQueueAction</role-hint>
      <implementation>org.apache.maven.continuum.web.action.admin.BuildQueueAction</implementation>
      <instantiation-strategy>per-lookup</instantiation-strategy>
      <description></description>
      <isolated-realm>false</isolated-realm>
      <requirements>
        <requirement>
          <role>org.codehaus.plexus.redback.system.SecuritySystem</role>
          <field-name>securitySystem</field-name>
        </requirement>
        <requirement>
          <role>org.apache.maven.continuum.Continuum</role>
          <field-name>continuum</field-name>
        </requirement>
      </requirements>
    </component>
    <component>
      <role>com.opensymphony.xwork2.Action</role>
      <role-hint>releaseResult</role-hint>
      <implementation>org.apache.continuum.web.action.ReleaseResultAction</implementation>
      <instantiation-strategy>per-lookup</instantiation-strategy>
      <description></description>
      <isolated-realm>false</isolated-realm>
      <requirements>
        <requirement>
          <role>org.codehaus.plexus.redback.system.SecuritySystem</role>
          <field-name>securitySystem</field-name>
        </requirement>
        <requirement>
          <role>org.apache.maven.continuum.Continuum</role>
          <field-name>continuum</field-name>
        </requirement>
      </requirements>
    </component>
    <component>
      <role>com.opensymphony.xwork2.Action</role>
      <role-hint>projectView</role-hint>
      <implementation>org.apache.maven.continuum.web.action.ProjectViewAction</implementation>
      <instantiation-strategy>per-lookup</instantiation-strategy>
      <description></description>
      <isolated-realm>false</isolated-realm>
      <requirements>
        <requirement>
          <role>org.codehaus.plexus.redback.system.SecuritySystem</role>
          <field-name>securitySystem</field-name>
        </requirement>
        <requirement>
          <role>org.apache.maven.continuum.Continuum</role>
          <field-name>continuum</field-name>
        </requirement>
      </requirements>
    </component>
    <component>
      <role>com.opensymphony.xwork2.Action</role>
      <role-hint>localRepository</role-hint>
      <implementation>org.apache.continuum.web.action.admin.LocalRepositoryAction</implementation>
      <instantiation-strategy>per-lookup</instantiation-strategy>
      <description></description>
      <isolated-realm>false</isolated-realm>
      <requirements>
        <requirement>
          <role>org.codehaus.plexus.redback.system.SecuritySystem</role>
          <field-name>securitySystem</field-name>
        </requirement>
        <requirement>
          <role>org.apache.maven.continuum.Continuum</role>
          <field-name>continuum</field-name>
        </requirement>
        <requirement>
          <role>org.apache.continuum.repository.RepositoryService</role>
          <field-name>repositoryService</field-name>
        </requirement>
        <requirement>
          <role>org.apache.continuum.purge.PurgeConfigurationService</role>
          <field-name>purgeConfigService</field-name>
        </requirement>
      </requirements>
    </component>
    <component>
      <role>com.opensymphony.xwork2.Action</role>
      <role-hint>installation</role-hint>
      <implementation>org.apache.maven.continuum.web.action.admin.InstallationAction</implementation>
      <instantiation-strategy>per-lookup</instantiation-strategy>
      <description></description>
      <isolated-realm>false</isolated-realm>
      <requirements>
        <requirement>
          <role>org.codehaus.plexus.redback.system.SecuritySystem</role>
          <field-name>securitySystem</field-name>
        </requirement>
        <requirement>
          <role>org.apache.maven.continuum.Continuum</role>
          <field-name>continuum</field-name>
        </requirement>
        <requirement>
          <role>org.apache.maven.continuum.installation.InstallationService</role>
          <role-hint>default</role-hint>
          <field-name>installationService</field-name>
        </requirement>
      </requirements>
    </component>
    <component>
      <role>com.opensymphony.xwork2.Action</role>
      <role-hint>wagonProjectNotifierEdit</role-hint>
      <implementation>org.apache.maven.continuum.web.action.notifier.WagonProjectNotifierEditAction</implementation>
      <instantiation-strategy>per-lookup</instantiation-strategy>
      <description>Action that edits a {@link ProjectNotifier} of type &apos;Wagon&apos; from the
specified {@link Project}.</description>
      <isolated-realm>false</isolated-realm>
      <requirements>
        <requirement>
          <role>org.codehaus.plexus.redback.system.SecuritySystem</role>
          <field-name>securitySystem</field-name>
        </requirement>
        <requirement>
          <role>org.apache.maven.continuum.Continuum</role>
          <field-name>continuum</field-name>
        </requirement>
      </requirements>
    </component>
    <component>
      <role>com.opensymphony.xwork2.validator.Validator</role>
      <role-hint>org.apache.maven.continuum.web.validator.InstallationValidator</role-hint>
      <implementation>org.apache.maven.continuum.web.validator.InstallationValidator</implementation>
      <instantiation-strategy>per-lookup</instantiation-strategy>
      <description></description>
      <isolated-realm>false</isolated-realm>
      <requirements>
        <requirement>
          <role>org.apache.maven.continuum.installation.InstallationService</role>
          <role-hint>default</role-hint>
          <field-name>installationService</field-name>
        </requirement>
      </requirements>
    </component>
    <component>
      <role>com.opensymphony.xwork2.Action</role>
      <role-hint>scmResult</role-hint>
      <implementation>org.apache.continuum.web.action.ScmResultAction</implementation>
      <instantiation-strategy>per-lookup</instantiation-strategy>
      <description></description>
      <isolated-realm>false</isolated-realm>
      <requirements>
        <requirement>
          <role>org.codehaus.plexus.redback.system.SecuritySystem</role>
          <field-name>securitySystem</field-name>
        </requirement>
        <requirement>
          <role>org.apache.maven.continuum.Continuum</role>
          <field-name>continuum</field-name>
        </requirement>
      </requirements>
    </component>
    <component>
      <role>com.opensymphony.xwork2.Action</role>
      <role-hint>releaseProject</role-hint>
      <implementation>org.apache.maven.continuum.web.action.ReleaseProjectAction</implementation>
      <instantiation-strategy>per-lookup</instantiation-strategy>
      <description></description>
      <isolated-realm>false</isolated-realm>
      <requirements>
        <requirement>
          <role>org.codehaus.plexus.redback.system.SecuritySystem</role>
          <field-name>securitySystem</field-name>
        </requirement>
        <requirement>
          <role>org.apache.maven.continuum.Continuum</role>
          <field-name>continuum</field-name>
        </requirement>
      </requirements>
    </component>
    <component>
      <role>com.opensymphony.xwork2.Action</role>
      <role-hint>msnProjectNotifierEdit</role-hint>
      <implementation>org.apache.maven.continuum.web.action.notifier.MsnProjectNotifierEditAction</implementation>
      <instantiation-strategy>per-lookup</instantiation-strategy>
      <description>Action that edits a {@link ProjectNotifier} of type &apos;MSN&apos; from the
specified {@link Project}.</description>
      <isolated-realm>false</isolated-realm>
      <requirements>
        <requirement>
          <role>org.codehaus.plexus.redback.system.SecuritySystem</role>
          <field-name>securitySystem</field-name>
        </requirement>
        <requirement>
          <role>org.apache.maven.continuum.Continuum</role>
          <field-name>continuum</field-name>
        </requirement>
      </requirements>
    </component>
    <component>
      <role>com.opensymphony.xwork2.Action</role>
      <role-hint>buildProject</role-hint>
      <implementation>org.apache.maven.continuum.web.action.BuildProjectAction</implementation>
      <instantiation-strategy>per-lookup</instantiation-strategy>
      <description></description>
      <isolated-realm>false</isolated-realm>
      <requirements>
        <requirement>
          <role>org.codehaus.plexus.redback.system.SecuritySystem</role>
          <field-name>securitySystem</field-name>
        </requirement>
        <requirement>
          <role>org.apache.maven.continuum.Continuum</role>
          <field-name>continuum</field-name>
        </requirement>
      </requirements>
    </component>
    <component>
      <role>com.opensymphony.xwork2.Action</role>
      <role-hint>msnGroupNotifierEdit</role-hint>
      <implementation>org.apache.maven.continuum.web.action.notifier.MsnGroupNotifierEditAction</implementation>
      <instantiation-strategy>per-lookup</instantiation-strategy>
      <description>Action that edits a {@link ProjectNotifier} of type &apos;MSN&apos; from the
specified {@link ProjectGroup}.</description>
      <isolated-realm>false</isolated-realm>
      <requirements>
        <requirement>
          <role>org.codehaus.plexus.redback.system.SecuritySystem</role>
          <field-name>securitySystem</field-name>
        </requirement>
        <requirement>
          <role>org.apache.maven.continuum.Continuum</role>
          <field-name>continuum</field-name>
        </requirement>
      </requirements>
    </component>
    <component>
      <role>com.opensymphony.xwork2.Action</role>
      <role-hint>bottom</role-hint>
      <implementation>org.apache.maven.continuum.web.action.component.BottomAction</implementation>
      <instantiation-strategy>per-lookup</instantiation-strategy>
      <description></description>
      <isolated-realm>false</isolated-realm>
      <requirements>
        <requirement>
          <role>org.codehaus.plexus.redback.system.SecuritySystem</role>
          <field-name>securitySystem</field-name>
        </requirement>
        <requirement>
          <role>org.apache.maven.continuum.Continuum</role>
          <field-name>continuum</field-name>
        </requirement>
        <requirement>
          <role>org.apache.maven.continuum.web.appareance.AppareanceConfiguration</role>
          <field-name>appareanceConfiguration</field-name>
        </requirement>
      </requirements>
    </component>
    <component>
      <role>com.opensymphony.xwork2.Action</role>
      <role-hint>jabberProjectNotifierEdit</role-hint>
      <implementation>org.apache.maven.continuum.web.action.notifier.JabberProjectNotifierEditAction</implementation>
      <instantiation-strategy>per-lookup</instantiation-strategy>
      <description>Action that edits a {@link ProjectNotifier} of type &apos;Jabber&apos; from the
specified {@link Project}.</description>
      <isolated-realm>false</isolated-realm>
      <requirements>
        <requirement>
          <role>org.codehaus.plexus.redback.system.SecuritySystem</role>
          <field-name>securitySystem</field-name>
        </requirement>
        <requirement>
          <role>org.apache.maven.continuum.Continuum</role>
          <field-name>continuum</field-name>
        </requirement>
      </requirements>
    </component>
    <component>
      <role>com.opensymphony.xwork2.Action</role>
      <role-hint>distributedRelease</role-hint>
      <implementation>org.apache.continuum.web.action.DistributedReleasesAction</implementation>
      <instantiation-strategy>per-lookup</instantiation-strategy>
      <description></description>
      <isolated-realm>false</isolated-realm>
      <requirements>
        <requirement>
          <role>org.codehaus.plexus.redback.system.SecuritySystem</role>
          <field-name>securitySystem</field-name>
        </requirement>
        <requirement>
          <role>org.apache.maven.continuum.Continuum</role>
          <field-name>continuum</field-name>
        </requirement>
      </requirements>
    </component>
    <component>
      <role>com.opensymphony.xwork2.Action</role>
      <role-hint>releasePerform</role-hint>
      <implementation>org.apache.maven.continuum.web.action.ReleasePerformAction</implementation>
      <instantiation-strategy>per-lookup</instantiation-strategy>
      <description></description>
      <isolated-realm>false</isolated-realm>
      <requirements>
        <requirement>
          <role>org.codehaus.plexus.redback.system.SecuritySystem</role>
          <field-name>securitySystem</field-name>
        </requirement>
        <requirement>
          <role>org.apache.maven.continuum.Continuum</role>
          <field-name>continuum</field-name>
        </requirement>
      </requirements>
    </component>
    <component>
      <role>com.opensymphony.xwork2.Action</role>
      <role-hint>buildDefinitionTemplates</role-hint>
      <implementation>org.apache.maven.continuum.web.action.admin.BuildDefinitionTemplateAction</implementation>
      <instantiation-strategy>per-lookup</instantiation-strategy>
      <description></description>
      <isolated-realm>false</isolated-realm>
      <requirements>
        <requirement>
          <role>org.codehaus.plexus.redback.system.SecuritySystem</role>
          <field-name>securitySystem</field-name>
        </requirement>
        <requirement>
          <role>org.apache.maven.continuum.Continuum</role>
          <field-name>continuum</field-name>
        </requirement>
      </requirements>
    </component>
    <component>
      <role>com.opensymphony.xwork2.Action</role>
      <role-hint>about</role-hint>
      <implementation>org.apache.maven.continuum.web.action.AboutAction</implementation>
      <instantiation-strategy>per-lookup</instantiation-strategy>
      <description>AboutAction:</description>
      <isolated-realm>false</isolated-realm>
      <requirements>
        <requirement>
          <role>org.codehaus.plexus.redback.system.SecuritySystem</role>
          <field-name>securitySystem</field-name>
        </requirement>
        <requirement>
          <role>org.apache.maven.continuum.Continuum</role>
          <field-name>continuum</field-name>
        </requirement>
      </requirements>
    </component>
    <component>
      <role>com.opensymphony.xwork2.Action</role>
      <role-hint>continuumTab</role-hint>
      <implementation>org.apache.maven.continuum.web.action.component.ContinuumTabAction</implementation>
      <instantiation-strategy>per-lookup</instantiation-strategy>
      <description></description>
      <isolated-realm>false</isolated-realm>
    </component>
    <component>
      <role>com.opensymphony.xwork2.Action</role>
      <role-hint>queues</role-hint>
      <implementation>org.apache.maven.continuum.web.action.admin.QueuesAction</implementation>
      <instantiation-strategy>per-lookup</instantiation-strategy>
      <description></description>
      <isolated-realm>false</isolated-realm>
      <requirements>
        <requirement>
          <role>org.codehaus.plexus.redback.system.SecuritySystem</role>
          <field-name>securitySystem</field-name>
        </requirement>
        <requirement>
          <role>org.apache.maven.continuum.Continuum</role>
          <field-name>continuum</field-name>
        </requirement>
      </requirements>
    </component>
    <component>
      <role>com.opensymphony.xwork2.Action</role>
      <role-hint>releaseCleanup</role-hint>
      <implementation>org.apache.maven.continuum.web.action.ReleaseCleanupAction</implementation>
      <instantiation-strategy>per-lookup</instantiation-strategy>
      <description></description>
      <isolated-realm>false</isolated-realm>
      <requirements>
        <requirement>
          <role>org.codehaus.plexus.redback.system.SecuritySystem</role>
          <field-name>securitySystem</field-name>
        </requirement>
        <requirement>
          <role>org.apache.maven.continuum.Continuum</role>
          <field-name>continuum</field-name>
        </requirement>
      </requirements>
    </component>
    <component>
      <role>com.opensymphony.xwork2.Action</role>
      <role-hint>workingCopy</role-hint>
      <implementation>org.apache.maven.continuum.web.action.WorkingCopyAction</implementation>
      <instantiation-strategy>per-lookup</instantiation-strategy>
      <description></description>
      <isolated-realm>false</isolated-realm>
      <requirements>
        <requirement>
          <role>org.codehaus.plexus.redback.system.SecuritySystem</role>
          <field-name>securitySystem</field-name>
        </requirement>
        <requirement>
          <role>org.apache.maven.continuum.Continuum</role>
          <field-name>continuum</field-name>
        </requirement>
        <requirement>
          <role>org.apache.maven.continuum.web.util.WorkingCopyContentGenerator</role>
          <field-name>generator</field-name>
        </requirement>
        <requirement>
          <role>org.apache.continuum.builder.distributed.manager.DistributedBuildManager</role>
          <field-name>distributedBuildManager</field-name>
        </requirement>
      </requirements>
    </component>
    <component>
      <role>org.apache.maven.continuum.web.appareance.AppareanceConfiguration</role>
      <role-hint>default</role-hint>
      <implementation>org.apache.maven.continuum.web.appareance.DefaultAppareanceConfiguration</implementation>
      <description></description>
      <isolated-realm>false</isolated-realm>
    </component>
    <component>
      <role>com.opensymphony.xwork2.Action</role>
      <role-hint>projects</role-hint>
      <implementation>org.apache.maven.continuum.web.action.ProjectsListAction</implementation>
      <instantiation-strategy>per-lookup</instantiation-strategy>
      <description></description>
      <isolated-realm>false</isolated-realm>
      <requirements>
        <requirement>
          <role>org.codehaus.plexus.redback.system.SecuritySystem</role>
          <field-name>securitySystem</field-name>
        </requirement>
        <requirement>
          <role>org.apache.maven.continuum.Continuum</role>
          <field-name>continuum</field-name>
        </requirement>
      </requirements>
    </component>
    <component>
      <role>com.opensymphony.xwork2.Action</role>
      <role-hint>editPom</role-hint>
      <implementation>org.apache.maven.continuum.web.action.admin.EditPomAction</implementation>
      <instantiation-strategy>per-lookup</instantiation-strategy>
      <description></description>
      <isolated-realm>false</isolated-realm>
      <requirements>
        <requirement>
          <role>org.codehaus.plexus.redback.system.SecuritySystem</role>
          <field-name>securitySystem</field-name>
        </requirement>
        <requirement>
          <role>org.apache.maven.continuum.Continuum</role>
          <field-name>continuum</field-name>
        </requirement>
        <requirement>
          <role>org.apache.maven.shared.app.configuration.MavenAppConfiguration</role>
          <field-name>appConfiguration</field-name>
        </requirement>
        <requirement>
          <role>org.apache.maven.shared.app.company.CompanyPomHandler</role>
          <field-name>companyPomHandler</field-name>
        </requirement>
        <requirement>
          <role>org.apache.maven.continuum.execution.maven.m2.MavenBuilderHelper</role>
          <field-name>helper</field-name>
        </requirement>
      </requirements>
    </component>
  </components>
</component-set>
